columna,faltantes,media_simple_mediana,media_knn,media_iterativa
ca,4,0.6633663366336634,0.6844884488448845,0.6726662807364315
thal,2,4.7227722772277225,4.733333333333333,4.731934508402429
