,full_mean,train_mean,test_mean,full_sd,train_sd,test_sd
age,54.43894389438944,54.549586776859506,54.0,9.038662442446746,8.996980811858668,9.264628073124864
trestbps,131.68976897689768,130.95867768595042,134.59016393442624,17.59974772958769,17.62255094981059,17.348753124437433
chol,246.69306930693068,249.8388429752066,234.21311475409837,51.77691754263704,52.846866965160125,45.58110527916085
thalach,149.6072607260726,149.96280991735537,148.19672131147541,22.875003276980376,22.68644881215342,23.747855813477244
oldpeak,1.0396039603960396,0.9991735537190083,1.2,1.1610750220686348,1.122940410162031,1.2991022541226949
